Name,Seq,Type,Repressed_by,Produces
r_abh,TTAAAGGAAGAAGGGTTTTT,RBS,NULL,NULL
t_abh,AAAAAGGCGGAGTGATATCATCTCCGCCTTTTTTGCGTGCCAA,Terminator,NULL,NULL
p_abh,CGGGAAACTTTTTCAAAGTTTCATTCGTCTACGATATATTGA,Promoter,LacI,NULL
t_abnA,TGAATAAAAAGCCGGGCTCTGCCCCCGGCTTTTTTTAAAAGAAA,Terminator,NULL,NULL
r_abnA,ATAAAGGAGGTTGAACAAAA,RBS,NULL,NULL
t_abnA,TGAATAAAAAGCCGGGCTCTGCCCCCGGCTTTTTTTAAAAGAAA,Terminator,NULL,NULL
r_abrB,AAGTATCTCTTGGGAGGAGA,RBS,NULL,NULL
t_abrB,AAAAACGTTCTTGTTATGACACAAGAACGTTTTTTTATTGCTTA,Terminator,NULL,NULL
t_accA,ATAAACGTGAAGCCTTTGGCTCACGTTTATTTTTTGTGAC,Terminator,NULL,NULL
r_ackA,AGTATAAAGGAGCGTCAATC,RBS,NULL,NULL
t_ackA,TGAAAGCACATTCTCTTGAATGTGCTTTTTTGTTGATGCA,Terminator,NULL,NULL
r_acoA,AATAGAAGGAGGCGCACAAA,RBS,NULL,NULL
t_acoA,AAAAAGCAGGCGCATGGATATAAGGCGCCTGCTTTTTTATTGTTGAA,Terminator,NULL,NULL
t_acsA,TCAATCGTCCCTTCGTGTAAACGAAGGGGCGTTTTTTATTTTAATT,Terminator,NULL,NULL
p_acsA,GGTTTATATTTTAAAAATTGAGAAGAATATGAATATATACTATAATAATTGTGACAACTTCAGCAAAGGG,Promoter,NULL,NULL
r_acuA,ATTGATGGGACGGTGAATTA,RBS,NULL,NULL
t_adaA,GTGAAGCCGACAATTTTCAGGATTCAATGATCTAACATAATCATTGAAATTTTGAAGTTGTCGGCTTTTTTGTTGGAAAA,Terminator,NULL,NULL
p_adaA,ACATTCTAACCACCTTATTTTTTTCTATTTATGAGGTTATAGTGTAGTTATCAAGAATGCTAAACGG,Promoter,AprE,NULL
r_ald,ATATACAGGAGGAGACAGAT,RBS,NULL,NULL
t_ald,ATAAGCTTGCAGAAAGATTTCTGCAGGACTTTTTTATTTTTTAA,Terminator,NULL,NULL
p_ald,TTTCTTAATCAAACAAAGAATTTTCCAAAATATCAAGCTACACTAAAAATATCAC,Promoter,"AdaA, Asd",NULL
r_aldY,GACCAAAGGAGGGTCATCTT,RBS,NULL,NULL
t_aldY,CTAAATGAAAAAATCCCTCTGTTTCAAGTACAGAGGGATTTTTCTTTATTTAG,Terminator,NULL,NULL
p_aldY,ATTCGTTTACATATTGGCTTCAGCGGAAATAGAAGAAGACA,Promoter,NULL,NULL
t_aprE,AAAAAGAAGCAGGTTCCTCCATACCTGCTTCTTTTTATTTGTCAGC,Terminator,NULL,NULL
aprE,GTGAGAAGCAAAAAATTGTGGATCAGCTTGTTGTTTGCGTTAACGTTAATCTTTACGATGGCGTTCAGCAACATGTCTGCGCAGGCTGCCGGAAAAAGCAGTACAGAAAAGAAATACATTGTCGGATTTAAACAACAATGAGTGCCATGAGTTCCGCCAAGAAAAAGGATGTTATTTCTGAAAAAGGCGGAAAGGTTCAAAAGCAATTTAAGTATGTTAACGCGGCCGCAGCAACATTGGATGAAAAAGCTGTAAAAGAATTGAAAAAAGATCCGAGCGTTGCATATGTGGAAGAAGATCATATTGCACATGAATATGCGCAATCTGTTCCTTATGGCATTTCTCAAATTAAAGCGCCGGCTCTTCACTCTCAAGGCTACACAGGCTCTAACGTAAAAGTAGCTGTTATCGACAGCGGAATTGACTCTTCTCATCCTGACTTAAACGTCAGAGGCGGAGCAAGCTTCGTACCTTCTGAAACAAACCCATACCAGGACGGCAGTTCTCACGGTACGCATGTAGCCGGTACGATTGCCGCTCTTAATAACTCAATCGGTGTTCTGGGCGTAGCGCCAAGCGCATCATTATATGCAGTAAAAGTGCTTGATTCAACAGGAAGCGGCCAATATAGCTGGATTATTAACGGCATTGAGTGGGCCATTTCCAACAATATGGATGTTATCAACATGAGCCTTGGCGGACCTACTGGTTCTACAGCGCTGAAAACAGTCGTTGACAAAGCCGTTTCCAGCGGTATCGTCGTTGCTGCCGCAGCCGGAAACGAAGGTTCATCCGGAAGCACAAGCACAGTCGGCTACCCTGCAAAATATCCTTCTACTATTGCAGTAGGTGCGGTAAACAGCAGCAACCAAAGAGCTTCATTCTCCAGCGCAGGTTCTGAGCTTGATGTGATGGCTCCTGGCGTGTCCATCCAAAGCACACTTCCTGGAGGCACTTACGGCGCTTATAACGGAACGTCCATGGCGACTCCTCACGTTGCCGGAGCAGCAGCGTTAATTCTTTCTAAGCACCCGACTTGGACAAACGCGCAAGTCCGTGATCGTTTAGAAAGCACTGCAACATATCTTGGAAACTCTTTCTACTATGGAAAAGGGTTAATCAACGTACAAGCAGCTGCACAATAA,CDS,NULL,AprE
p_aprE,CTCAAAAAAATGGGTCTACTAAAATATTATTCCATCTATTACAATAAATTCACAGAATAGTCTTTTAAG,Promoter,"AcoA, Asd",NULL
r_asd,TGGCGGAAGGAGTTTTACAG,RBS,NULL,NULL
p_asd,AATTCGGTCATCACCCGCATATTCTATGGTAAAATAAAACGTAAAATCATAGTCAAATC,Promoter,NULL,NULL
asd,"ATGGGAAGAGGTTTACACGTAGCTGTTGTCGGAGCGACAGGGGCTGTGGGACAACAAATGCTTAAAACACTTGAAGACAGAAACTTTGAAATGGACACACTTACATTGCTATCTTCAAAACGCTCTGCGGGGACAAAAGTCACGTTTAAA
GGCCAAGAGCTGACTGTTCAGGAAGCTTCTCCTGAGAGCTTTGAAGGGGTAAATATTGCTTTGTTCAGCGCCGGCGGAAGCGTATCACAAGCATTGGCAC
CAGAAGCTGTAAAACGCGGCGCTATTGTTATAGATAATACGAGTGCGTTC
CGCATGGATGAAAATACACCGCTTGTTGTGCCAGAAGTGAATGAGGCAGA
CTTGCATGAACACAACGGCATTATTGCCAATCCAAACTGCTCTACAATCC
AAATGGTTGCGGCACTTGAACCGATCCGCAAAGCATATGGCTTAAACAAG
GTCATCGTATCAACTTACCAGGCAGTATCAGGAGCGGGTAATGAAGCTGT
AAAAGAGCTTTACAGCCAAACACAGGCGATTTTAAATAAAGAAGAAATAG
AGCCTGAGATCATGCCTGTAAAAGGTGACAAAAAACACTATCAAATCGCC
TTCAACGCGATTCCGCAAATCGATAAATTCCAAGATAACGGCTATACGTT
TGAGGAAATGAAAATGATAAATGAAACGAAAAAAATCATGCACATGCCTG
ACCTTCAAGTAGCGGCTACATGTGTGAGACTGCCAATCCAAACTGGGCAC
TCAGAGTCCGTCTACATCGAAATAGACCGTGATGACGCTACAGTTGAAGA
TATTAAAAATCTATTGAAAGAAGCTCCGGGCGTGACACTTCAGGATGATC
CAAGCCAGCAGCTTTATCCGATGCCTGCTGATGCTGTCGGCAAAAACGAT
GTGTTTGTAGGCCGCATCCGCAAAGACTTGGACAGAGCAAACGGTTTTCA
TTTATGGGTTGTTTCTGATAACCTATTAAAAGGCGCGGCATGGAACTCTG
TTCAAATTGCAGAAAGCCTGAAAAAACTAAACCTCGTATAA",CDS,NULL,Asd
abnA,TTGAAAAAGAAAAAAACATGGAAACGCTTCTTACACTTTTCGAGTGCAGCTCTGGCTGCAGGTTTGATATTCACTTCTGCTGCTCCCGCAGAGGCAGCGTTTTGGGGTGCATCCAATGAGCTGCTTCATGACCCGACTATGATTAAAGAGGGGAGCTCATGGTATGCGCTCGGAACAGGGCTTACTGAAGAACGGGGACTGCGGGTTTTGAAGTCTTCAGACGCTAAAAATTGGACCGTACAAAAATCCATTTTCACTACACCGCTATCGTGGTGGTCCAATTATGTGCCGAATTATGGCCAAAACCAGTGGGCGCCGGACATCCAATACTATAACGGCAAGTACTGGCTATATTATTCCGTTTCTTCTTTTGGAAGCAATACATCTGCCATTGGCCTGGCATCTTCAACAAGCATCAGTTCGGGGGGCTGGAAGGACGAGGGCTTGGTGATCCGTTCGACAAGCTCAAATAATTATAACGCCATTGATCCGGAGCTGACATTCGATAAGGATGGCAACCCGTGGCTTGCATTCGGCTCGTTTTGGAGCGGCATTAAGCTGACTAAGCTCGATAAGAGTACAATGAAGCCTACAGGCTCGCTCTATTCGATTGCAGCTAGACCGAATAATGGAGGTGCCTTAGAAGCTCCTACTCTTACGTATCAAAATGGATATTACTATTTAATGGTTTCATTTGATAAATGCTGTGACGGGGTAAACAGTACGTACAAAATTGCTTACGGAAGATCCAAAAGCATTACAGGCCCTTATCTTGATAAAAGCGGAAAAAGCATGCTTGAAGGCGGAGGCACCATTTTGGATTCGGGCAATGACCAATGGAAAGGACCTGGAGGCCAGGATATTGTGAACGGAAACATTCTTGTTCGCCATGCCTATGATGCCAATGACAACGGCATTCCAAAGCTTCTCATCAATGATTTGAATTGGAGCTCGGGCTGGCCGTCCTATTGA,CDS,NULL,AbnA
abrB,"ATGTTTATGAAATCTACTGGTATTGTACGTAAAGTTGATGAATTAGGACG
TGTAGTTATTCCTATCGAACTGCGTCGTACTCTTGGAATCGCAGAAAAAG
ATGCTCTTGAAATCTATGTTGATGATGAAAAAATCATCCTTAAAAAATAT
AAACCAAACATGACTTGCCAAGTAACTGGTGAAGTTTCTGATGATAACCT
TAAACTTGCAGGCGGTAAATTGGTTCTTAGTAAAGAAGGCGCTGAGCAAA
TCATCAGCGAAATCCAAAACCAGCTTCAAAACCTTAAATAA",CDS,NULL,AbrB
accA,"GTGGCTCCAAGATTAGAATTTGAAAAACCGGTGATTGAACTGCAAACCAA
AATCGCCGAACTAAAAAAATTCACCCAAGATTCCGATATGGATCTAAGTG
CGGAAATCGAACGGCTCGAAGACCGTCTCGCTAAGCTTCAGGATGATATT
TACAAAAATTTGAAGCCGTGGGACCGGGTTCAAATCGCGCGTCTGGCGGA
CCGTCCGACAACTCTTGATTATATCGAACACCTGTTTACCGACTTTTTTG
AATGTCACGGAGACAGAGCGTACGGGGACGATGAAGCCATTGTCGGCGGG
ATTGCGAAGTTCCACGGCCTCCCTGTAACGGTAATCGGGCATCAGCGCGG
CAAAGACACGAAGGAAAACCTAGTCCGCAATTTTGGGATGCCGCATCCAG
AAGGCTACAGAAAAGCGCTTCGTCTGATGAAACAGGCTGACAAATTTAAC
AGACCAATTATCTGTTTTATTGATACGAAGGGGGCATACCCTGGACGAGC
AGCTGAAGAAAGAGGACAAAGTGAAGCTATTGCCAAAAACCTGTTTGAGA
TGGCCGGCCTTCGAGTGCCTGTTATCTGCATCGTCATTGGTGAAGGCGGA
AGCGGCGGAGCCCTTGGTCTGGGTGTAGGCAATCACTTGCATATGCTGGA
AAACTCTACTTATTCTGTTATTTCTCCGGAAGGTGCCGCGGCACTTTTAT
GGAAGGACTCCAGTCTTGCTAAAAAAGCAGCAGAAACAATGAAAATCACT
GCGCCGGATTTAAAAGAATTAGGTATTATAGATCATATGATTAAAGAAGT
AAAAGGCGGAGCGCACCATGATGTGAAGCTGCAGGCAAGCTATATGGACG
AAACCCTTAAACAATCGTTAAAAACTTTACTGAAGCTGAGCGAAGAAGAA
TTAGTTCAGCAGCGTTATGAAAAATATAAAGCAATTGGCAAAGTCTCGGT
TGAAGATCAATATATCGGGGTAAACTAA",CDS,NULL,AccA
ackA,"ATGTCCAAAATTATTGCAATTAACGCAGGAAGCTCGTCTTTGAAATTTCA
GCTTTTCGAAATGCCTTCAGAAACCGTTTTAACGAAGGGTTTAGTTGAAC
GAATCGGTATCGCCGACAGCGTATTCACAATTTCTGTGAACGGCGAAAAA
AATACAGAAGTAACTGATATTCCAGATCATGCGGTAGCTGTTAAAATGCT
GCTGAATAAGTTAACGGAATTCGGCATTATTAAAGACTTGAATGAAATTG
ACGGAATTGGCCATCGTGTCGTTCACGGCGGAGAAAAATTCAGCGATTCT
GTTTTATTAACGGATGAAACCATTAAGGAAATCGAAGATATTTCTGAATT
GGCACCGCTTCACAATCCGGCAAATATCGTTGGAATTAAAGCGTTCAAAG
AAGTGCTTCCAAATGTTCCTGCGGTAGCTGTATTTGATACAGCATTCCAC
CAAACAATGCCTGAGCAGTCTTACCTTTACAGCTTGCCGTATGAATACTA
TGAAAAATTCGGCATCCGTAAATACGGCTTCCACGGCACTTCACATAAAT
ATGTAACTGAGCGTGCGGCAGAGCTTCTCGGCCGTCCGTTAAAAGACTTG
CGCCTGATTTCCTGCCACCTTGGAAACGGAGCAAGTATTGCCGCTGTTGA
AGGCGGAAAATCTATTGACACATCCATGGGCTTTACGCCGCTTGCCGGTG
TAGCAATGGGCACACGCTCTGGAAACATCGACCCTGCCCTGATCCCATAC
ATCATGGAGAAAACAGGCCAAACGGCTGACGAAGTACTGAATACATTAAA
CAAAAAAAGCGGACTGCTCGGCATTTCCGGTTTCTCAAGCGATCTTCGTG
ACATCGTTGAAGCTACGAAAGAAGGAAATGAGCGCGCGGAAACGGCTCTT
GAAGTATTCGCAAGCAGAATCCACAAATACATCGGTTCTTACGCTGCAAG
AATGAGCGGTGTAGATGCGATCATCTTTACTGCCGGTATCGGTGAAAACA
GTGTGGAAGTCAGAGAACGCGTTCTTCGCGGTTTAGAATTCATGGGCGTA
TACTGGGACCCTGCGCTTAATAACGTGCGCGGCGAGGAAGCTTTCATCAG
CTATCCGCATTCTCCAGTAAAAGTCATGATCATCCCGACTGATGAAGAAG
TCATGATTGCGCGCGACGTTGTTCGTTTAGCAAAATAA",CDS,NULL,AckA
acoA,"ATGAAATTGTTAAAACGAGAAGGCTTGTCATTAACTGAGGAAAAAGCGCT
GTGGATGTACCAAAAGATGCTGGAGATCAGGGGCTTTGAAGACAAAGTGC
ATGAACTGTTCGCCCAGGGAGTGCTTCCCGGATTCGTTCATTTATATGCC
GGTGAGGAAGCCGTGGCTGTAGGGGTGTGCGCTCATTTACATGATGGCGA
CAGCATTACAAGCACCCACAGGGGACATGGACATTGTATCGCCAAAGGCT
GTGACCTGGACGGCATGATGGCGGAAATTTTCGGGAAAGCGACCGGATTG
TGCAAAGGCAAGGGCGGTTCTATGCACATTGCGGATCTTGATAAAGGCAT
GTTAGGCGCAAATGGAATCGTCGGGGGCGGCTTTACGCTCGCATGCGGAT
CAGCGCTCACGGCTAAATATAAACAGACTAAAAATGTAAGCGTTTGCTTT
TTCGGGGACGGGGCAAATAACCAAGGTACCTTCCACGAAGGGCTGAATTT
AGCGGCTGTATGGAACCTTCCTGTCGTATTTGTTGCTGAAAACAACGGCT
ATGGCGAAGCTACCCCATTTGAGTACGCATCAGCCTGTGATTCAATCGCC
GATCGGGCGGCTGCTTATAACATGCCGGGGGTTACAGTTGACGGCAAAGA
TATTTTAGCAGTTTACCAGGCAGCCGAGGAAGCGATAGAAAGAGCAAGAA
ACGGCGGCGGCCCGTCTTTGATTGAATGTATGACCTACAGAAACTACGGC
CATTTCGAAGGAGATGCCCAAACCTATAAAACGAAGGATGAAAGAGTTGA
GCACCTTGAAGAAAAAGATGCCATTCAAGGTTTTAAAAACTACCTTTTAA
AAGAAACAGATGCTAATAAGCTGTCAGACATTGAACAGCGTGTCAGCGAA
TCGATTGAAAAAGCCGTCTCGTTCAGCGAAGACAGCCCATATCCAAAAGA
TTCGGAGCTGCTGACAGATGTGTATGTGTCATATGAAAAAGGAGGAATGT
AA",CDS,NULL,AcoA
acsA,"ATGAACTTGAAAGCGTTACCAGCAATAGAGGGGGATCATAACTTAAAAAA
CTATGAAGAAACGTACCGGCATTTTGATTGGGCCGAGGCAGAGAAACATT
TCTCTTGGCATGAGACAGGGAAACTGAATGCGGCGTATGAAGCGATTGAC
CGCCATGCCGAATCGTTTCGAAAAAACAAAGTAGCGCTTTATTATAAAGA
CGCAAAAAGGGATGAAAAATACACATTTAAAGAAATGAAGGAAGAATCAA
ACAGAGCCGGGAATGTGCTGAGACGGTATGGAAATGTGGAAAAAGGGGAC
CGCGTTTTTATTTTTATGCCGAGATCACCCGAGCTTTATTTTATTATGCT
TGGCGCAATCAAAATTGGCGCCATCGCCGGGCCGCTGTTCGAAGCATTTA
TGGAGGGAGCGGTGAAAGACCGGCTTGAAAACAGTGAGGCAAAGGTTGTT
GTCACAACGCCTGAGCTGCTGGAGAGAATACCGGTAGACAAACTGCCTCA
CTTGCAGCATGTCTTCGTAGTCGGGGGAGAGGCTGAGAGCGGCACGAATA
TCATCAATTATGATGAAGCAGCGAAACAGGAAAGCACAAGATTGGATATC
GAATGGATGGATAAAAAAGACGGCTTTCTGCTTCACTATACATCAGGTTC
CACTGGTACGCCAAAGGGCGTGTTGCATGTCCATGAAGCGATGATTCAGC
AATATCAAACAGGAAAGTGGGTCCTTGATTTAAAGGAAGAAGACATTTAT
TGGTGCACGGCTGATCCAGGCTGGGTGACAGGTACGGTATACGGCATTTT
TGCACCGTGGCTGAACGGAGCGACAAATGTCATCGTCGGCGGACGTTTCA
GCCCGGAAAGCTGGTATGGAACGATTGAACAGCTTGGCGTCAATGTCTGG
TACAGCGCGCCGACAGCTTTTCGGATGCTGATGGGAGCGGGAGATGAAAT
GGCTGCGAAATATGATCTAACTTCACTCCGGCATGTGCTCAGTGTCGGTG
AGCCGCTAAATCCGGAAGTCATCAGATGGGGACATAAAGTTTTTAACAAA
CGAATCCATGATACCTGGTGGATGACCGAAACGGGCAGTCAGCTCATCTG
CAACTATCCTTGCATGGATATTAAACCGGGTTCAATGGGTAAGCCGATTC
CAGGAGTGGAGGCAGCGATCGTTGACAATCAAGGCAACGAGCTACCGCCG
TACCGAATGGGCAATCTCGCCATCAAAAAGGGCTGGCCTTCCATGATGCA
TACCATTTGGAATAACCCTGAAAAGTATGAATCGTATTTCATGCCGGGCG
GCTGGTATGTGTCTGGGGATTCTGCTTACATGGATGAAGAGGGATACTTT
TGGTTCCAAGGCAGAGTTGATGACGTCATCATGACCTCCGGTGAGCGCGT
CGGCCCATTTGAAGTGGAAAGCAAGCTTGTCGAACATCCGGCTATTGCAG
AAGCAGGCGTTATCGGAAAGCCTGACCCGGTGCGTGGAGAAATCATTAAA
GCCTTTATTGCACTCAGGGAAGGATTTGAGCCGTCTGATAAACTGAAAGA
AGAGATCCGCCTATTTGTAAAGCAGGGTCTTGCAGCCCATGCGGCTCCGC
GTGAGATCGAATTTAAAGATAAGCTTCCGAAAACCAGAAGCGGAAAGATC
ATGAGGCGCGTGCTGAAGGCATGGGAGCTTAATCTGCCGGCTGGAGATCT
GTCAACAATGGAGGATTAA",CDS,NULL,AcsA
adaA,"ATGCCGGATAGTATCAATAACGGACATAAAGAGAGCCATGATCATAGAAT
TTCGAATGATGCAGAAATGATAACAGATGAAAAGTGGCAAGCAATTATAA
ATAATGATGCAGCGTACAATAATCAATTTTTCTACGCTGTTAAATCGACA
GGGATATTCTGTAAACCATCCTGTAAATCTCGCGTTCCGAAAAAAGAAAA
TGTATGTATCTTTCCAAACACAGAACAAGCTCTCCGCGCAAATTTTCGCC
CTTGTAAACGTTGCAAGCCCACTAATGAAAAAATGCCTGATAGCGAGTGG
GTTGATTTAATTACTGAATACATTGATAAAAATTTCACAGAAAAATTAAC
GCTAGAATCGTTAGCAGATATTTGTCATGGGAGTCCGTATCATATGCATC
GAACATTTAAAAAAATTAAAGGCATTACGCTGGTTGAGTATATACAACAA
GTTAGAGTACACGCGGCTAAAAAGTATTTGATTCAGACAAATAAAGCGAT
TGGAGATATCGCTATATGTGTGGGTATAGCTAACGCGCCTTATTTTATTA
CTTTATTTAAAAAGAAAACTGGACAGACACCAGCACGATTTCGTCAAATG
AGTAAAATGGAGGAAACGTACAATGGAAACAAATAA",CDS,NULL,AdaA
lacI,"GTGAAACCAGTAACGTTATACGATGTCGCAGAGTATGCCGGTGTCTCTTA
TCAGACCGTTTCCCGCGTGGTGAACCAGGCCAGCCACGTTTCTGCGAAAA
CGCGGGAAAAAGTGGAAGCGGCGATGGCGGAGCTGAATTACATTCCCAAC
CGCGTGGCACAACAACTGGCGGGCAAACAGTCGTTGCTGATTGGCGTTGC
CACCTCCAGTCTGGCCCTGCACGCGCCGTCGCAAATTGTCGCGGCGATTA
AATCTCGCGCCGATCAACTGGGTGCCAGCGTGGTGGTGTCGATGGTAGAA
CGAAGCGGCGTCGAAGCCTGTAAAGCGGCGGTGCACAATCTTCTCGCGCA
ACGCGTCAGTGGGCTGATCATTAACTATCCGCTGGATGACCAGGATGCCA
TTGCTGTGGAAGCTGCCTGCACTAATGTTCCGGCGTTATTTCTTGATGTC
TCTGACCAGACACCCATCAACAGTATTATTTTCTCCCATGAAGACGGTAC
GCGACTGGGCGTGGAGCATCTGGTCGCATTGGGTCACCAGCAAATCGCGC
TGTTAGCGGGCCCATTAAGTTCTGTCTCGGCGCGTCTGCGTCTGGCTGGC
TGGCATAAATATCTCACTCGCAATCAAATTCAGCCGATAGCGGAACGGGA
AGGCGACTGGAGTGCCATGTCCGGTTTTCAACAAACCATGCAAATGCTGA
ATGAGGGCATCGTTCCCACTGCGATGCTGGTTGCCAACGATCAGATGGCG
CTGGGCGCAATGCGCGCCATTACCGAGTCCGGGCTGCGCGTTGGTGCGGA
TATCTCGGTAGTGGGATACGACGATACCGAAGACAGCTCATGTTATATCC
CGCCGTTAACCACCATCAAACAGGATTTTCGCCTGCTGGGGCAAACCAGC
GTGGACCGCTTGCTGCAACTCTCTCAGGGCCAGGCGGTGAAGGGCAATCA
GCTGTTGCCCGTCTCACTGGTGAAAAGAAAAACCACCCTGGCGCCCAATA
CGCAAACCGCCTCTCCCCGCGCGTTGGCCGATTCATTAATGCAGCTGGCA
CGACAGGTTTCCCGACTGGAAAGCGGGCAG
tcagaccgtttcccgcgtggtgaaccaggccagccacgtttctgcgaaaa
cgcgggaaaaagtggaagcggcgatggcggagctgaattacattcccaac
cgcgtggcacaacaactggcgggcaaacagtcgttgctgattggcgttgc
cacctccagtctggccctgcacgcgccgtcgcaaattgtcgcggcgatta
aatctcgcgccgatcaactgggtgccagcgtggtggtgtcgatggtagaa
cgaagcggcgtcgaagcctgtaaagcggcggtgcacaatcttctcgcgca
acgcgtcagtgggctgatcattaactatccgctggatgaccaggatgcca
ttgctgtggaagctgcctgcactaatgttccggcgttatttcttgatgtc
tctgaccagacacccatcaacagtattattttctcccatgaagacggtac
gcgactgggcgtggagcatctggtcgcattgggtcaccagcaaatcgcgc
tgttagcgggcccattaagttctgtctcggcgcgtctgcgtctggctggc
tggcataaatatctcactcgcaatcaaattcagccgatagcggaacggga
aggcgactggagtgccatgtccggttttcaacaaaccatgcaaatgctga
atgagggcatcgttcccactgcgatgctggttgccaacgatcagatggcg
ctgggcgcaatgcgcgccattaccgagtccgggctgcgcgttggtgcgga
tatctcggtagtgggatacgacgataccgaagacagctcatgttatatcc
cgccgttaaccaccatcaaacaggattttcgcctgctggggcaaaccagc
gtggaccgcttgctgcaactctctcagggccaggcggtgaagggcaatca
gctgttgcccgtctcactggtgaaaagaaaaaccaccctggcgcccaata
cgcaaaccgcctctccccgcgcgttggccgattcattaatgcagctggca
cgacaggtttcccgactggaaagcgggcag)",CDS,NULL,LacI
p_lacI,TGGTGCAAAACCTTTCGCGGTATGGCATGATAGCGCC,Promoter,AbfrB,NULL
r_lacI,AAAGAGGAGAAA,RBS,NULL,NULL
t_lacI,"CCAGGCATCAAATAAAACGAAAGGCTCAGTCGAAAGACTGGGCCTTTCGT
TTTATCTGTTGTTTGTCGGTGAACGCTCTC
TTTATCTGTTGTTTGTCGGTGAACGCTCTC
TTTATCTGTTGTTTGTCGGTGAACGCTCTC
",Terminator,NULL,NULL
p_bad,TTGACGGCTAGCTCAGTCCTAGGTACAGTGCTAGC,Promoter,"ACKa, LacI, AdaA",NULL
p_tetR,TCCCTATCAGTGATAGAGATTGACATCCCTATCAGTGATAGAGATACTGAGCAC,Promoter,NULL,NULL